{"stats":{"minecraft:dropped":{"twigs:tangerine_seashell":1,"minecraft:wheat_seeds":1,"minecraft:dandelion":1},"minecraft:used":{"minecraft:stone_pickaxe":33,"minecraft:iron_pickaxe":21,"minecraft:oak_planks":24,"minecraft:wooden_pickaxe":3,"buzzier_bees:honey_bread":6,"minecraft:stone_axe":117,"minecraft:cobblestone":9,"minecraft:crafting_table":3,"minecraft:furnace":1,"minecraft:carrot":2,"delightful:acorn":2},"minecraft:custom":{"minecraft:time_since_rest":17733,"minecraft:interact_with_furnace":3,"minecraft:sprint_one_cm":73874,"minecraft:damage_taken":305,"minecraft:walk_one_cm":27427,"minecraft:mob_kills":16,"minecraft:drop":3,"minecraft:damage_dealt":2020,"minecraft:swim_one_cm":4943,"minecraft:interact_with_crafting_table":7,"minecraft:fly_one_cm":72718,"minecraft:crouch_one_cm":4182,"minecraft:play_time":17733,"minecraft:sneak_time":1628,"minecraft:walk_under_water_one_cm":989,"minecraft:jump":476,"minecraft:walk_on_water_one_cm":1782,"minecraft:time_since_death":17733,"minecraft:total_world_time":17733,"minecraft:fall_one_cm":11443},"minecraft:picked_up":{"minecraft:wheat":6,"minecraft:crafting_table":3,"minecraft:raw_iron":18,"twigs:petrified_lichen":1,"minecraft:brown_wool":1,"minecraft:leather":6,"minecraft:dandelion":4,"minecraft:oak_log":8,"minecraft:carrot":139,"minecraft:bone":2,"minecraft:arrow":2,"twigs:opaline_seashell":1,"minecraft:rotten_flesh":1,"minecraft:diamond":1,"minecraft:wheat_seeds":19,"minecraft:cobbled_deepslate":1,"delightful:acorn":2,"minecraft:beef":8,"minecraft:skeleton_skull":1,"minecraft:rabbit":2,"minecraft:mutton":4,"minecraft:oak_planks":23,"twigs:tangerine_seashell":1,"minecraft:white_wool":2,"minecraft:cobblestone":35,"minecraft:furnace":1},"minecraft:crafted":{"minecraft:oak_planks":32,"minecraft:crafting_table":1,"minecraft:stick":8,"minecraft:iron_ingot":3,"minecraft:wooden_pickaxe":1,"minecraft:iron_pickaxe":1,"minecraft:stone_pickaxe":1,"minecraft:furnace":1,"minecraft:stone_axe":1,"minecraft:air":0},"minecraft:mined":{"minecraft:skeleton_skull":1,"minecraft:carrots":40,"minecraft:furnace":1,"minecraft:deepslate_diamond_ore":1,"minecraft:wheat":6,"minecraft:iron_ore":13,"twigs:tangerine_seashell":1,"minecraft:dandelion":5,"minecraft:crafting_table":3,"minecraft:grass":30,"excavated_variants:diorite_iron_ore":3,"minecraft:oak_log":8,"twigs:petrified_lichen":1,"minecraft:tall_grass":4,"minecraft:cobblestone":5,"minecraft:stone":31,"minecraft:oak_planks":20,"minecraft:deepslate":1,"twigs:opaline_seashell":1},"minecraft:killed":{"minecraft:skeleton":1,"minecraft:sheep":3,"minecraft:zombie":6,"minecraft:rabbit":3,"minecraft:cow":3}},"DataVersion":3120}