{"stats":{"minecraft:dropped":{"twigs:tangerine_seashell":1,"minecraft:wheat_seeds":1,"minecraft:dandelion":1},"minecraft:used":{"minecraft:stone_axe":9,"minecraft:crafting_table":2,"minecraft:stone_pickaxe":13,"minecraft:wooden_pickaxe":3,"delightful:acorn":1},"minecraft:custom":{"minecraft:time_since_rest":5733,"minecraft:crouch_one_cm":645,"minecraft:play_time":5733,"minecraft:sprint_one_cm":21880,"minecraft:walk_one_cm":4428,"minecraft:sneak_time":155,"minecraft:drop":3,"minecraft:jump":45,"minecraft:time_since_death":5733,"minecraft:total_world_time":5733,"minecraft:interact_with_crafting_table":5,"minecraft:fall_one_cm":1672,"minecraft:fly_one_cm":9771},"minecraft:picked_up":{"minecraft:crafting_table":2,"twigs:opaline_seashell":1,"minecraft:wheat_seeds":1,"minecraft:dandelion":1,"delightful:acorn":2,"minecraft:oak_log":8,"twigs:tangerine_seashell":1,"minecraft:cobblestone":15},"minecraft:crafted":{"minecraft:oak_planks":32,"minecraft:stone_axe":1,"minecraft:crafting_table":1,"minecraft:stick":8,"minecraft:wooden_pickaxe":1,"minecraft:stone_pickaxe":1},"minecraft:mined":{"minecraft:grass":7,"minecraft:oak_log":8,"minecraft:tall_grass":2,"twigs:tangerine_seashell":1,"minecraft:stone":15,"minecraft:dandelion":1,"twigs:opaline_seashell":1,"minecraft:crafting_table":2}},"DataVersion":3120}