{
  "minecraft:recipes/decorations/smoker": {
    "criteria": {
      "has_furnace": "2024-08-27 17:57:37 +0000"
    },
    "done": true
  },
  "minecraft:recipes/food/cooked_mutton_from_campfire_cooking": {
    "criteria": {
      "has_mutton": "2024-08-27 18:03:03 +0000"
    },
    "done": true
  },
  "farmersdelight:recipes/farmersdelight/wheat_dough_from_eggs": {
    "criteria": {
      "has_wheat": "2024-08-27 18:03:48 +0000"
    },
    "done": true
  },
  "minecraft:recipes/building_blocks/purple_wool": {
    "criteria": {
      "has_white_wool": "2024-08-27 18:03:03 +0000"
    },
    "done": true
  },
  "bambooeverything:recipes/dry_bamboo_fence": {
    "criteria": {
      "has_dry_bundle": "2024-08-27 17:49:36 +0000",
      "has_dry_bamboo": "2024-08-27 17:49:36 +0000"
    },
    "done": true
  },
  "ecologics:recipes/ecologics/walnut_boat": {
    "criteria": {
      "in_water": "2024-08-27 17:57:15 +0000"
    },
    "done": true
  },
  "minecraft:recipes/redstone/lever": {
    "criteria": {
      "has_cobblestone": "2024-08-27 17:51:51 +0000"
    },
    "done": true
  },
  "twigs:recipes/cobblestone_bricks/cobblestone_brick_wall_from_cobblestone_stonecutting": {
    "criteria": {
      "has_item": "2024-08-27 17:51:51 +0000"
    },
    "done": true
  },
  "farmersdelight:recipes/farmersdelight/cooking/chicken_soup": {
    "criteria": {
      "has_any_ingredient": "2024-08-27 18:03:46 +0000"
    },
    "done": true
  },
  "minecraft:recipes/building_blocks/cobblestone_stairs_from_cobblestone_stonecutting": {
    "criteria": {
      "has_cobblestone": "2024-08-27 17:51:51 +0000"
    },
    "done": true
  },
  "immersive_weathering:recipes/iron_ingot": {
    "criteria": {
      "has_copper_block": "2024-08-27 17:57:56 +0000"
    },
    "done": true
  },
  "farmersdelight:recipes/farmersdelight/organic_compost_from_rotten_flesh": {
    "criteria": {
      "has_rotten_flesh": "2024-08-27 18:01:57 +0000"
    },
    "done": true
  },
  "minecraft:recipes/combat/iron_sword": {
    "criteria": {
      "has_iron_ingot": "2024-08-27 17:57:56 +0000"
    },
    "done": true
  },
  "aether:recipes/combat/iron_ring": {
    "criteria": {
      "has_iron_ingot": "2024-08-27 17:57:56 +0000"
    },
    "done": true
  },
  "woodworks:recipes/decorations/spruce_ladder": {
    "criteria": {
      "has_stick": "2024-08-27 17:51:40 +0000"
    },
    "done": true
  },
  "naturescompass:natures_compass": {
    "criteria": {
      "has_compass": "2024-08-27 17:49:36 +0000"
    },
    "done": true
  },
  "biomemakeover:biomemakeover/root": {
    "criteria": {
      "enter_mushroom_fields": "2024-08-27 17:49:37 +0000",
      "enter_swamp": "2024-08-27 17:49:37 +0000",
      "enter_dark_forest": "2024-08-27 17:49:37 +0000",
      "enter_badlands": "2024-08-27 17:49:37 +0000"
    },
    "done": true
  },
  "minecraft:recipes/building_blocks/polished_deepslate": {
    "criteria": {
      "has_cobbled_deepslate": "2024-08-27 17:59:19 +0000"
    },
    "done": true
  },
  "minecraft:recipes/building_blocks/chiseled_deepslate_from_cobbled_deepslate_stonecutting": {
    "criteria": {
      "has_cobbled_deepslate": "2024-08-27 17:59:19 +0000"
    },
    "done": true
  },
  "minecraft:recipes/decorations/white_bed": {
    "criteria": {
      "has_white_wool": "2024-08-27 18:03:03 +0000"
    },
    "done": true
  },
  "minecraft:recipes/tools/iron_pickaxe": {
    "criteria": {
      "has_iron_ingot": "2024-08-27 17:57:56 +0000"
    },
    "done": true
  },
  "vinery:big_table": {
    "criteria": {
      "has_iron_ingot": "2024-08-27 17:57:56 +0000"
    },
    "done": true
  },
  "minecraft:recipes/combat/leather_helmet": {
    "criteria": {
      "has_leather": "2024-08-27 18:00:55 +0000"
    },
    "done": true
  },
  "minecraft:recipes/decorations/crafting_table": {
    "criteria": {
      "has_planks": "2024-08-27 17:50:27 +0000"
    },
    "done": true
  },
  "minecraft:recipes/decorations/campfire": {
    "criteria": {
      "has_stick": "2024-08-27 17:51:40 +0000"
    },
    "done": true
  },
  "bambooeverything:recipes/bamboo_door": {
    "criteria": {
      "has_bundle": "2024-08-27 17:49:36 +0000"
    },
    "done": true
  },
  "minecraft:recipes/building_blocks/magenta_wool": {
    "criteria": {
      "has_white_wool": "2024-08-27 18:03:03 +0000"
    },
    "done": true
  },
  "bambooeverything:recipes/dry_bamboo_stairs": {
    "criteria": {
      "has_dry_bundle": "2024-08-27 17:49:36 +0000"
    },
    "done": true
  },
  "minecraft:recipes/food/bread": {
    "criteria": {
      "has_wheat": "2024-08-27 18:03:48 +0000"
    },
    "done": true
  },
  "vinery:cherry_fence": {
    "criteria": {
      "has_stick": "2024-08-27 17:51:40 +0000"
    },
    "done": true
  },
  "vinery:basket": {
    "criteria": {
      "has_wheat": "2024-08-27 18:03:48 +0000"
    },
    "done": true
  },
  "vinery:straw_hat": {
    "criteria": {
      "has_wheat": "2024-08-27 18:03:48 +0000"
    },
    "done": true
  },
  "minecraft:recipes/misc/iron_nugget": {
    "criteria": {
      "has_iron_ingot": "2024-08-27 17:57:56 +0000"
    },
    "done": true
  },
  "farmersdelight:recipes/farmersdelight/pie_crust": {
    "criteria": {
      "has_wheat": "2024-08-27 18:03:48 +0000"
    },
    "done": true
  },
  "aether:recipes/combat/diamond_gloves": {
    "criteria": {
      "has_diamond": "2024-08-27 17:59:03 +0000"
    },
    "done": true
  },
  "clayworks:recipes/misc/charcoal_from_baking": {
    "criteria": {
      "has_log": "2024-08-27 17:50:20 +0000"
    },
    "done": true
  },
  "ecologics:recipes/ecologics/flowering_azalea_boat": {
    "criteria": {
      "in_water": "2024-08-27 17:57:15 +0000"
    },
    "done": true
  },
  "another_furniture:recipes/oak_chair": {
    "criteria": {
      "has_planks": "2024-08-27 17:50:27 +0000"
    },
    "done": true
  },
  "minecraft:recipes/building_blocks/cobbled_deepslate_slab": {
    "criteria": {
      "has_cobbled_deepslate": "2024-08-27 17:59:19 +0000"
    },
    "done": true
  },
  "another_furniture:recipes/brown_tall_stool": {
    "criteria": {
      "has_wool": "2024-08-27 18:03:09 +0000"
    },
    "done": true
  },
  "minecraft:recipes/transportation/mangrove_boat": {
    "criteria": {
      "in_water": "2024-08-27 17:57:15 +0000"
    },
    "done": true
  },
  "minecraft:recipes/building_blocks/deepslate_tile_slab_from_cobbled_deepslate_stonecutting": {
    "criteria": {
      "has_cobbled_deepslate": "2024-08-27 17:59:19 +0000"
    },
    "done": true
  },
  "minecraft:recipes/tools/wooden_shovel": {
    "criteria": {
      "has_stick": "2024-08-27 17:51:40 +0000"
    },
    "done": true
  },
  "twigs:recipes/cobblestone_bricks/cobblestone_bricks_stonecutting": {
    "criteria": {
      "has_item": "2024-08-27 17:51:51 +0000"
    },
    "done": true
  },
  "woodworks:recipes/decorations/jungle_ladder": {
    "criteria": {
      "has_stick": "2024-08-27 17:51:40 +0000"
    },
    "done": true
  },
  "minecraft:recipes/decorations/torch": {
    "criteria": {
      "has_stone_pickaxe": "2024-08-27 17:51:59 +0000"
    },
    "done": true
  },
  "backpacked:recipes/backpacked/warped_backpack_shelf": {
    "criteria": {
      "has_stick": "2024-08-27 17:51:40 +0000"
    },
    "done": true
  },
  "farmersdelight:recipes/farmersdelight/cooking/vegetable_soup": {
    "criteria": {
      "has_any_ingredient": "2024-08-27 18:03:46 +0000"
    },
    "done": true
  },
  "minecraft:recipes/combat/diamond_sword": {
    "criteria": {
      "has_diamond": "2024-08-27 17:59:03 +0000"
    },
    "done": true
  },
  "woodworks:recipes/decorations/mangrove_ladder": {
    "criteria": {
      "has_stick": "2024-08-27 17:51:40 +0000"
    },
    "done": true
  },
  "minecraft:recipes/building_blocks/cyan_wool": {
    "criteria": {
      "has_white_wool": "2024-08-27 18:03:03 +0000"
    },
    "done": true
  },
  "minecraft:recipes/tools/shears": {
    "criteria": {
      "has_iron_ingot": "2024-08-27 17:57:56 +0000"
    },
    "done": true
  },
  "minecraft:recipes/misc/stick": {
    "criteria": {
      "has_planks": "2024-08-27 17:50:27 +0000"
    },
    "done": true
  },
  "minecraft:recipes/decorations/jukebox": {
    "criteria": {
      "has_diamond": "2024-08-27 17:59:03 +0000"
    },
    "done": true
  },
  "minecraft:recipes/transportation/spruce_boat": {
    "criteria": {
      "in_water": "2024-08-27 17:57:15 +0000"
    },
    "done": true
  },
  "woodworks:recipes/redstone/oak_button_from_oak_planks_sawing": {
    "criteria": {
      "has_oak_planks": "2024-08-27 17:50:27 +0000"
    },
    "done": true
  },
  "woodworks:recipes/decorations/warped_chest": {
    "criteria": {
      "has_lots_of_items": "2024-08-27 17:53:01 +0000"
    },
    "done": true
  },
  "vinery:oak_wine_rack_small": {
    "criteria": {
      "has_oak_planks": "2024-08-27 17:50:27 +0000"
    },
    "done": true
  },
  "aether_redux:recipes/transportation/cloudcap_boat": {
    "criteria": {
      "in_water": "2024-08-27 17:57:15 +0000"
    },
    "done": true
  },
  "another_furniture:recipes/white_stool": {
    "criteria": {
      "has_wool": "2024-08-27 18:03:03 +0000"
    },
    "done": true
  },
  "minecraft:recipes/building_blocks/gray_wool": {
    "criteria": {
      "has_white_wool": "2024-08-27 18:03:03 +0000"
    },
    "done": true
  },
  "twigs:recipes/cobblestone_bricks/cobblestone_bricks": {
    "criteria": {
      "has_item": "2024-08-27 17:51:51 +0000"
    },
    "done": true
  },
  "another_furniture:recipes/dark_oak_drawer": {
    "criteria": {
      "has_planks": "2024-08-27 17:51:40 +0000"
    },
    "done": true
  },
  "minecraft:recipes/food/cooked_rabbit_from_smoking": {
    "criteria": {
      "has_rabbit": "2024-08-27 18:01:20 +0000"
    },
    "done": true
  },
  "aether:recipes/transportation/skyroot_boat": {
    "criteria": {
      "in_water": "2024-08-27 17:57:15 +0000"
    },
    "done": true
  },
  "minecraft:recipes/combat/iron_leggings": {
    "criteria": {
      "has_iron_ingot": "2024-08-27 17:57:56 +0000"
    },
    "done": true
  },
  "woodworks:recipes/building_blocks/oak_boards_from_oak_logs_sawing": {
    "criteria": {
      "has_oak_logs": "2024-08-27 17:50:20 +0000"
    },
    "done": true
  },
  "minecraft:husbandry/balanced_diet": {
    "criteria": {
      "buzzier_bees:honey_bread": "2024-08-27 17:56:31 +0000",
      "carrot": "2024-08-27 18:04:19 +0000"
    },
    "done": false
  },
  "minecraft:recipes/tools/wooden_hoe": {
    "criteria": {
      "has_stick": "2024-08-27 17:51:40 +0000"
    },
    "done": true
  },
  "minecraft:recipes/combat/shield": {
    "criteria": {
      "has_iron_ingot": "2024-08-27 17:57:56 +0000"
    },
    "done": true
  },
  "minecraft:recipes/decorations/brown_banner": {
    "criteria": {
      "has_brown_wool": "2024-08-27 18:03:09 +0000"
    },
    "done": true
  },
  "environmental:recipes/decorations/willow_ladder": {
    "criteria": {
      "has_stick": "2024-08-27 17:51:40 +0000"
    },
    "done": true
  },
  "minecraft:recipes/building_blocks/cobblestone_slab": {
    "criteria": {
      "has_cobblestone": "2024-08-27 17:51:51 +0000"
    },
    "done": true
  },
  "decorative_blocks:recipes/decorative_blocks.general/lattice": {
    "criteria": {
      "has_stick": "2024-08-27 17:51:40 +0000"
    },
    "done": true
  },
  "aether:recipes/combat/iron_pendant": {
    "criteria": {
      "has_iron_ingot": "2024-08-27 17:57:56 +0000"
    },
    "done": true
  },
  "clayworks:recipes/building_blocks/deepslate_from_baking": {
    "criteria": {
      "has_cobbled_deepslate": "2024-08-27 17:59:19 +0000"
    },
    "done": true
  },
  "vinery:grapevine_lattice": {
    "criteria": {
      "has_stick": "2024-08-27 17:51:40 +0000"
    },
    "done": true
  },
  "minecraft:recipes/misc/bucket": {
    "criteria": {
      "has_iron_ingot": "2024-08-27 17:57:56 +0000"
    },
    "done": true
  },
  "minecraft:recipes/building_blocks/cobblestone_stairs": {
    "criteria": {
      "has_cobblestone": "2024-08-27 17:51:51 +0000"
    },
    "done": true
  },
  "minecraft:recipes/redstone/hopper": {
    "criteria": {
      "has_iron_ingot": "2024-08-27 17:57:56 +0000"
    },
    "done": true
  },
  "decorative_blocks:recipes/decorative_blocks.general/oak_palisade": {
    "criteria": {
      "has_log": "2024-08-27 17:50:20 +0000"
    },
    "done": true
  },
  "woodworks:recipes/decorations/acacia_ladder": {
    "criteria": {
      "has_stick": "2024-08-27 17:51:40 +0000"
    },
    "done": true
  },
  "minecraft:recipes/decorations/cobbled_deepslate_wall_from_cobbled_deepslate_stonecutting": {
    "criteria": {
      "has_cobbled_deepslate": "2024-08-27 17:59:19 +0000"
    },
    "done": true
  },
  "farmersdelight:recipes/food/cooking/rabbit_stew": {
    "criteria": {
      "has_any_ingredient": "2024-08-27 18:01:20 +0000"
    },
    "done": true
  },
  "another_furniture:recipes/white_lamp": {
    "criteria": {
      "has_wool": "2024-08-27 18:03:03 +0000"
    },
    "done": true
  },
  "woodworks:recipes/decorations/oak_ladder_from_oak_logs_sawing": {
    "criteria": {
      "has_oak_logs": "2024-08-27 17:50:20 +0000"
    },
    "done": true
  },
  "aether:recipes/tools/wooden_pickaxe_repairing": {
    "criteria": {
      "has_wooden_pickaxe": "2024-08-27 17:51:47 +0000"
    },
    "done": true
  },
  "naturescompass:natures_compass_sapling": {
    "criteria": {
      "has_recipe": "2024-08-27 17:49:36 +0000"
    },
    "done": true
  },
  "farmersdelight:recipes/farmersdelight/cooking/beef_stew": {
    "criteria": {
      "has_any_ingredient": "2024-08-27 18:00:55 +0000"
    },
    "done": true
  },
  "delightful:recipes/food/cooking/nut_milk": {
    "criteria": {
      "has_nuts": "2024-08-27 17:53:03 +0000"
    },
    "done": true
  },
  "another_furniture:recipes/white_curtain": {
    "criteria": {
      "has_wool": "2024-08-27 18:03:03 +0000"
    },
    "done": true
  },
  "minecraft:recipes/decorations/white_banner": {
    "criteria": {
      "has_white_wool": "2024-08-27 18:03:03 +0000"
    },
    "done": true
  },
  "minecraft:recipes/building_blocks/deepslate_tile_stairs_from_cobbled_deepslate_stonecutting": {
    "criteria": {
      "has_cobbled_deepslate": "2024-08-27 17:59:19 +0000"
    },
    "done": true
  },
  "minecraft:recipes/building_blocks/deepslate_tiles_from_cobbled_deepslate_stonecutting": {
    "criteria": {
      "has_cobbled_deepslate": "2024-08-27 17:59:19 +0000"
    },
    "done": true
  },
  "farmersdelight:recipes/farmersdelight/cooking/vegetable_noodles": {
    "criteria": {
      "has_any_ingredient": "2024-08-27 18:03:46 +0000"
    },
    "done": true
  },
  "bambooeverything:recipes/bamboo_fence_gate": {
    "criteria": {
      "has_bamboo": "2024-08-27 17:49:36 +0000",
      "has_bundle": "2024-08-27 17:49:36 +0000"
    },
    "done": true
  },
  "woodworks:recipes/decorations/oak_ladder": {
    "criteria": {
      "has_stick": "2024-08-27 17:51:40 +0000"
    },
    "done": true
  },
  "backpacked:recipes/backpacked/dark_oak_backpack_shelf": {
    "criteria": {
      "has_stick": "2024-08-27 17:51:40 +0000"
    },
    "done": true
  },
  "bambooeverything:recipes/dry_bamboo_bundle_uncrafting": {
    "criteria": {
      "has_dry_bundle": "2024-08-27 17:49:36 +0000"
    },
    "done": true
  },
  "minecraft:recipes/misc/leather_horse_armor": {
    "criteria": {
      "has_leather": "2024-08-27 18:00:55 +0000"
    },
    "done": true
  },
  "woodworks:recipes/decorations/crimson_ladder": {
    "criteria": {
      "has_stick": "2024-08-27 17:51:40 +0000"
    },
    "done": true
  },
  "minecraft:recipes/building_blocks/hay_block": {
    "criteria": {
      "has_wheat": "2024-08-27 18:03:48 +0000"
    },
    "done": true
  },
  "minecraft:recipes/combat/leather_leggings": {
    "criteria": {
      "has_leather": "2024-08-27 18:00:55 +0000"
    },
    "done": true
  },
  "minecraft:recipes/combat/iron_helmet": {
    "criteria": {
      "has_iron_ingot": "2024-08-27 17:57:56 +0000"
    },
    "done": true
  },
  "incubation:recipes/decorations/hay_nest": {
    "criteria": {
      "has_wheat": "2024-08-27 18:03:48 +0000"
    },
    "done": true
  },
  "windswept:recipes/redstone/chestnut_trapped_chest": {
    "criteria": {
      "has_lots_of_items": "2024-08-27 17:53:01 +0000"
    },
    "done": true
  },
  "minecraft:recipes/redstone/oak_fence_gate": {
    "criteria": {
      "has_planks": "2024-08-27 17:50:27 +0000"
    },
    "done": true
  },
  "woodworks:recipes/decorations/jungle_chest": {
    "criteria": {
      "has_lots_of_items": "2024-08-27 17:53:01 +0000"
    },
    "done": true
  },
  "aether:recipes/decorations/skyroot_bed": {
    "criteria": {
      "has_wool": "2024-08-27 18:03:03 +0000"
    },
    "done": true
  },
  "windswept:recipes/combat/snow_boots_from_silver": {
    "criteria": {
      "has_leather": "2024-08-27 18:00:55 +0000"
    },
    "done": true
  },
  "aether_redux:recipes/transportation/blightwillow_boat": {
    "criteria": {
      "in_water": "2024-08-27 17:57:15 +0000"
    },
    "done": true
  },
  "another_furniture:recipes/mangrove_drawer": {
    "criteria": {
      "has_planks": "2024-08-27 17:51:40 +0000"
    },
    "done": true
  },
  "another_furniture:recipes/crimson_drawer": {
    "criteria": {
      "has_planks": "2024-08-27 17:51:40 +0000"
    },
    "done": true
  },
  "minecraft:recipes/decorations/iron_bars": {
    "criteria": {
      "has_iron_ingot": "2024-08-27 17:57:56 +0000"
    },
    "done": true
  },
  "clayworks:recipes/building_blocks/stone_from_baking": {
    "criteria": {
      "has_cobblestone": "2024-08-27 17:51:51 +0000"
    },
    "done": true
  },
  "takesapillage:root": {
    "criteria": {
      "always": "2024-08-27 17:49:35 +0000"
    },
    "done": true
  },
  "minecraft:recipes/building_blocks/blue_wool": {
    "criteria": {
      "has_white_wool": "2024-08-27 18:03:03 +0000"
    },
    "done": true
  },
  "minecraft:recipes/combat/diamond_chestplate": {
    "criteria": {
      "has_diamond": "2024-08-27 17:59:03 +0000"
    },
    "done": true
  },
  "woodworks:recipes/decorations/birch_chest": {
    "criteria": {
      "has_lots_of_items": "2024-08-27 17:53:01 +0000"
    },
    "done": true
  },
  "bambooeverything:recipes/bamboo_bundle": {
    "criteria": {
      "has_bamboo": "2024-08-27 17:49:36 +0000"
    },
    "done": true
  },
  "minecraft:story/mine_stone": {
    "criteria": {
      "get_stone": "2024-08-27 17:51:51 +0000"
    },
    "done": true
  },
  "woodworks:recipes/decorations/oak_ladder_from_oak_planks_sawing": {
    "criteria": {
      "has_oak_planks": "2024-08-27 17:50:27 +0000"
    },
    "done": true
  },
  "minecraft:recipes/decorations/furnace": {
    "criteria": {
      "has_cobblestone": "2024-08-27 17:51:51 +0000"
    },
    "done": true
  },
  "minecraft:recipes/transportation/minecart": {
    "criteria": {
      "has_iron_ingot": "2024-08-27 17:57:56 +0000"
    },
    "done": true
  },
  "minecraft:recipes/decorations/deepslate_brick_wall_from_cobbled_deepslate_stonecutting": {
    "criteria": {
      "has_cobbled_deepslate": "2024-08-27 17:59:19 +0000"
    },
    "done": true
  },
  "handcrafted:recipes/misc/brown_sheet": {
    "criteria": {
      "has_sheet": "2024-08-27 18:03:09 +0000"
    },
    "done": true
  },
  "aether:recipes/combat/leather_gloves": {
    "criteria": {
      "has_leather": "2024-08-27 18:00:55 +0000"
    },
    "done": true
  },
  "minecraft:recipes/combat/diamond_leggings": {
    "criteria": {
      "has_diamond": "2024-08-27 17:59:03 +0000"
    },
    "done": true
  },
  "minecraft:recipes/misc/charcoal": {
    "criteria": {
      "has_log": "2024-08-27 17:50:20 +0000"
    },
    "done": true
  },
  "bambooeverything:recipes/bamboo_trapdoor": {
    "criteria": {
      "has_bundle": "2024-08-27 17:49:36 +0000"
    },
    "done": true
  },
  "minecraft:recipes/building_blocks/orange_wool": {
    "criteria": {
      "has_white_wool": "2024-08-27 18:03:03 +0000"
    },
    "done": true
  },
  "minecraft:recipes/food/cooked_rabbit_from_campfire_cooking": {
    "criteria": {
      "has_rabbit": "2024-08-27 18:01:20 +0000"
    },
    "done": true
  },
  "minecraft:recipes/tools/wooden_pickaxe": {
    "criteria": {
      "has_stick": "2024-08-27 17:51:40 +0000"
    },
    "done": true
  },
  "bambooeverything:recipes/dry_bamboo_trapdoor": {
    "criteria": {
      "has_dry_bundle": "2024-08-27 17:49:36 +0000"
    },
    "done": true
  },
  "minecraft:recipes/tools/iron_hoe": {
    "criteria": {
      "has_iron_ingot": "2024-08-27 17:57:56 +0000"
    },
    "done": true
  },
  "minecraft:recipes/building_blocks/cobblestone_slab_from_cobblestone_stonecutting": {
    "criteria": {
      "has_cobblestone": "2024-08-27 17:51:51 +0000"
    },
    "done": true
  },
  "minecraft:recipes/building_blocks/cobbled_deepslate_stairs": {
    "criteria": {
      "has_cobbled_deepslate": "2024-08-27 17:59:19 +0000"
    },
    "done": true
  },
  "clayworks:recipes/decorations/kiln": {
    "criteria": {
      "has_cobblestone": "2024-08-27 17:51:51 +0000"
    },
    "done": true
  },
  "minecraft:husbandry/root": {
    "criteria": {
      "consumed_item": "2024-08-27 17:54:17 +0000"
    },
    "done": true
  },
  "decorative_blocks:recipes/decorative_blocks.general/oak_support": {
    "criteria": {
      "has_plank": "2024-08-27 17:50:27 +0000"
    },
    "done": true
  },
  "shieldexp:recipes/iron_shield": {
    "criteria": {
      "has_iron_ingot": "2024-08-27 17:57:56 +0000"
    },
    "done": true
  },
  "minecraft:recipes/transportation/birch_boat": {
    "criteria": {
      "in_water": "2024-08-27 17:57:15 +0000"
    },
    "done": true
  },
  "minecraft:recipes/building_blocks/oak_stairs": {
    "criteria": {
      "has_planks": "2024-08-27 17:50:27 +0000"
    },
    "done": true
  },
  "woodworks:recipes/decorations/oak_fence_from_oak_planks_sawing": {
    "criteria": {
      "has_oak_planks": "2024-08-27 17:50:27 +0000"
    },
    "done": true
  },
  "minecraft:recipes/building_blocks/cobbled_deepslate_stairs_from_cobbled_deepslate_stonecutting": {
    "criteria": {
      "has_cobbled_deepslate": "2024-08-27 17:59:19 +0000"
    },
    "done": true
  },
  "minecraft:recipes/transportation/acacia_boat": {
    "criteria": {
      "in_water": "2024-08-27 17:57:15 +0000"
    },
    "done": true
  },
  "minecraft:recipes/tools/iron_shovel": {
    "criteria": {
      "has_iron_ingot": "2024-08-27 17:57:56 +0000"
    },
    "done": true
  },
  "minecraft:recipes/redstone/iron_trapdoor": {
    "criteria": {
      "has_iron_ingot": "2024-08-27 17:57:56 +0000"
    },
    "done": true
  },
  "farmersdelight:recipes/farmersdelight/cutting_board": {
    "criteria": {
      "has_stick": "2024-08-27 17:51:40 +0000"
    },
    "done": true
  },
  "another_furniture:recipes/brown_sofa": {
    "criteria": {
      "has_wool": "2024-08-27 18:03:09 +0000"
    },
    "done": true
  },
  "twilightforest:recipes/twilightforest/charm_of_life_2": {
    "criteria": {
      "has_item": "2024-08-27 17:52:10 +0000"
    },
    "done": true
  },
  "woodworks:recipes/decorations/acacia_chest": {
    "criteria": {
      "has_lots_of_items": "2024-08-27 17:53:01 +0000"
    },
    "done": true
  },
  "minecraft:adventure/root": {
    "criteria": {
      "killed_something": "2024-08-27 17:54:28 +0000"
    },
    "done": true
  },
  "aether:recipes/combat/iron_gloves": {
    "criteria": {
      "has_iron": "2024-08-27 17:57:56 +0000"
    },
    "done": true
  },
  "bambooeverything:recipes/dry_bamboo_fence_gate": {
    "criteria": {
      "has_dry_bundle": "2024-08-27 17:49:36 +0000",
      "has_dry_bamboo": "2024-08-27 17:49:35 +0000"
    },
    "done": true
  },
  "handcrafted:recipes/misc/bench": {
    "criteria": {
      "has_iron_ingot": "2024-08-27 17:57:56 +0000"
    },
    "done": true
  },
  "minecraft:recipes/decorations/item_frame": {
    "criteria": {
      "has_leather": "2024-08-27 18:00:55 +0000"
    },
    "done": true
  },
  "farmersdelight:main/root": {
    "criteria": {
      "seeds": "2024-08-27 17:49:36 +0000"
    },
    "done": true
  },
  "shieldexp:recipes/wooden_shield": {
    "criteria": {
      "has_stick": "2024-08-27 17:51:40 +0000"
    },
    "done": true
  },
  "minecraft:recipes/tools/stone_hoe": {
    "criteria": {
      "has_cobblestone": "2024-08-27 17:51:51 +0000"
    },
    "done": true
  },
  "bambooeverything:recipes/bamboo_ladder": {
    "criteria": {
      "has_bamboo": "2024-08-27 17:49:36 +0000"
    },
    "done": true
  },
  "minecraft:recipes/tools/diamond_pickaxe": {
    "criteria": {
      "has_diamond": "2024-08-27 17:59:03 +0000"
    },
    "done": true
  },
  "minecraft:recipes/tools/diamond_hoe": {
    "criteria": {
      "has_diamond": "2024-08-27 17:59:03 +0000"
    },
    "done": true
  },
  "minecraft:adventure/kill_all_mobs": {
    "criteria": {
      "minecraft:skeleton": "2024-08-27 18:03:43 +0000",
      "minecraft:zombie": "2024-08-27 17:54:28 +0000"
    },
    "done": false
  },
  "minecraft:recipes/tools/diamond_shovel": {
    "criteria": {
      "has_diamond": "2024-08-27 17:59:03 +0000"
    },
    "done": true
  },
  "another_furniture:recipes/spruce_drawer": {
    "criteria": {
      "has_planks": "2024-08-27 17:51:40 +0000"
    },
    "done": true
  },
  "woodworks:recipes/building_blocks/oak_boards": {
    "criteria": {
      "has_oak_planks": "2024-08-27 17:50:27 +0000"
    },
    "done": true
  },
  "twigs:recipes/cobblestone_bricks/cobblestone_brick_slab_from_cobblestone_stonecutting": {
    "criteria": {
      "has_item": "2024-08-27 17:51:51 +0000"
    },
    "done": true
  },
  "woodworks:recipes/decorations/oak_fence_from_oak_logs_sawing": {
    "criteria": {
      "has_oak_logs": "2024-08-27 17:50:20 +0000"
    },
    "done": true
  },
  "minecraft:recipes/building_blocks/polished_deepslate_from_cobbled_deepslate_stonecutting": {
    "criteria": {
      "has_cobbled_deepslate": "2024-08-27 17:59:19 +0000"
    },
    "done": true
  },
  "woodworks:recipes/decorations/oak_chest": {
    "criteria": {
      "has_lots_of_items": "2024-08-27 17:53:01 +0000"
    },
    "done": true
  },
  "farmersdelight:recipes/farmersdelight/cooking_pot": {
    "criteria": {
      "has_iron_ingot": "2024-08-27 17:57:56 +0000"
    },
    "done": true
  },
  "farmersdelight:recipes/farmersdelight/cooking/dog_food": {
    "criteria": {
      "has_any_ingredient": "2024-08-27 18:01:57 +0000"
    },
    "done": true
  },
  "farmersdelight:recipes/farmersdelight/wheat_dough_from_water": {
    "criteria": {
      "has_wheat": "2024-08-27 18:03:48 +0000"
    },
    "done": true
  },
  "aether_redux:recipes/transportation/springshroom_boat": {
    "criteria": {
      "in_water": "2024-08-27 17:57:15 +0000"
    },
    "done": true
  },
  "minecraft:recipes/building_blocks/deepslate": {
    "criteria": {
      "has_cobbled_deepslate": "2024-08-27 17:59:19 +0000"
    },
    "done": true
  },
  "minecraft:recipes/food/cooked_beef_from_smoking": {
    "criteria": {
      "has_beef": "2024-08-27 18:00:55 +0000"
    },
    "done": true
  },
  "woodworks:recipes/building_blocks/oak_stairs_from_oak_planks_sawing": {
    "criteria": {
      "has_oak_planks": "2024-08-27 17:50:27 +0000"
    },
    "done": true
  },
  "minecraft:recipes/decorations/white_carpet": {
    "criteria": {
      "has_white_wool": "2024-08-27 18:03:03 +0000"
    },
    "done": true
  },
  "aether:recipes/decorations/skyroot_jukebox": {
    "criteria": {
      "has_diamond": "2024-08-27 17:59:03 +0000"
    },
    "done": true
  },
  "minecraft:recipes/decorations/brown_bed": {
    "criteria": {
      "has_brown_wool": "2024-08-27 18:03:09 +0000"
    },
    "done": true
  },
  "minecraft:recipes/misc/iron_nugget_from_smelting": {
    "criteria": {
      "has_iron_pickaxe": "2024-08-27 17:58:25 +0000"
    },
    "done": true
  },
  "minecraft:recipes/food/cooked_mutton_from_smoking": {
    "criteria": {
      "has_mutton": "2024-08-27 18:03:03 +0000"
    },
    "done": true
  },
  "woodworks:recipes/decorations/dark_oak_ladder": {
    "criteria": {
      "has_stick": "2024-08-27 17:51:40 +0000"
    },
    "done": true
  },
  "minecraft:recipes/building_blocks/polished_deepslate_slab_from_cobbled_deepslate_stonecutting": {
    "criteria": {
      "has_cobbled_deepslate": "2024-08-27 17:59:19 +0000"
    },
    "done": true
  },
  "aether_redux:recipes/transportation/crystal_boat": {
    "criteria": {
      "in_water": "2024-08-27 17:57:15 +0000"
    },
    "done": true
  },
  "woodworks:recipes/building_blocks/oak_boards_from_oak_planks_sawing": {
    "criteria": {
      "has_oak_planks": "2024-08-27 17:50:27 +0000"
    },
    "done": true
  },
  "handcrafted:recipes/misc/brown_cushion": {
    "criteria": {
      "has_cushion": "2024-08-27 18:03:09 +0000"
    },
    "done": true
  },
  "frosted_friends:frosted_friends": {
    "criteria": {
      "frosted_friends": "2024-08-27 17:49:35 +0000"
    },
    "done": true
  },
  "naturescompass:natures_compass_log": {
    "criteria": {
      "has_recipe": "2024-08-27 17:49:36 +0000"
    },
    "done": true
  },
  "environmental:recipes/transportation/cherry_boat": {
    "criteria": {
      "in_water": "2024-08-27 17:57:15 +0000"
    },
    "done": true
  },
  "minecraft:recipes/decorations/chain": {
    "criteria": {
      "has_iron_ingot": "2024-08-27 17:57:56 +0000"
    },
    "done": true
  },
  "nethersdelight:recipes/nethersdelight/blackstone_blast_furnace": {
    "criteria": {
      "has_iron": "2024-08-27 17:57:56 +0000"
    },
    "done": true
  },
  "minecraft:story/mine_diamond": {
    "criteria": {
      "diamond": "2024-08-27 17:59:03 +0000"
    },
    "done": true
  },
  "minecraft:story/upgrade_tools": {
    "criteria": {
      "stone_pickaxe": "2024-08-27 17:51:59 +0000"
    },
    "done": true
  },
  "minecraft:recipes/combat/diamond_helmet": {
    "criteria": {
      "has_diamond": "2024-08-27 17:59:03 +0000"
    },
    "done": true
  },
  "aether:recipes/tools/aether_saddle": {
    "criteria": {
      "has_leather": "2024-08-27 18:00:55 +0000"
    },
    "done": true
  },
  "minecraft:recipes/decorations/oak_fence": {
    "criteria": {
      "has_planks": "2024-08-27 17:50:27 +0000"
    },
    "done": true
  },
  "aether_redux:recipes/transportation/glacia_boat": {
    "criteria": {
      "in_water": "2024-08-27 17:57:15 +0000"
    },
    "done": true
  },
  "minecraft:recipes/transportation/oak_boat": {
    "criteria": {
      "in_water": "2024-08-27 17:57:15 +0000"
    },
    "done": true
  },
  "minecraft:recipes/building_blocks/oak_slab": {
    "criteria": {
      "has_planks": "2024-08-27 17:50:27 +0000"
    },
    "done": true
  },
  "bambooeverything:recipes/bamboo_fence": {
    "criteria": {
      "has_bamboo": "2024-08-27 17:49:36 +0000",
      "has_bundle": "2024-08-27 17:49:36 +0000"
    },
    "done": true
  },
  "woodworks:recipes/decorations/spruce_chest": {
    "criteria": {
      "has_lots_of_items": "2024-08-27 17:53:01 +0000"
    },
    "done": true
  },
  "woodworks:recipes/decorations/crimson_chest": {
    "criteria": {
      "has_lots_of_items": "2024-08-27 17:53:01 +0000"
    },
    "done": true
  },
  "comforts:hammock_white": {
    "criteria": {
      "has_white_wool": "2024-08-27 18:03:03 +0000"
    },
    "done": true
  },
  "minecraft:recipes/tools/wooden_axe": {
    "criteria": {
      "has_stick": "2024-08-27 17:51:40 +0000"
    },
    "done": true
  },
  "deeperdarker:recipes/deeperdarker/echo_boat": {
    "criteria": {
      "in_water": "2024-08-27 17:57:15 +0000"
    },
    "done": true
  },
  "minecraft:recipes/building_blocks/lime_wool": {
    "criteria": {
      "has_white_wool": "2024-08-27 18:03:03 +0000"
    },
    "done": true
  },
  "nethersdelight:recipes/nethersdelight/diamond_machete": {
    "criteria": {
      "has_diamond": "2024-08-27 17:59:03 +0000"
    },
    "done": true
  },
  "ecologics:recipes/ecologics/coconut_boat": {
    "criteria": {
      "in_water": "2024-08-27 17:57:15 +0000"
    },
    "done": true
  },
  "environmental:recipes/decorations/cherry_ladder": {
    "criteria": {
      "has_stick": "2024-08-27 17:51:40 +0000"
    },
    "done": true
  },
  "twigs:recipes/cobblestone_bricks/cobblestone_brick_stairs_from_cobblestone_stonecutting": {
    "criteria": {
      "has_item": "2024-08-27 17:51:51 +0000"
    },
    "done": true
  },
  "woodworks:recipes/redstone/oak_door_from_oak_logs_sawing": {
    "criteria": {
      "has_oak_logs": "2024-08-27 17:50:20 +0000"
    },
    "done": true
  },
  "woodworks:recipes/redstone/oak_trapdoor_from_oak_logs_sawing": {
    "criteria": {
      "has_oak_logs": "2024-08-27 17:50:20 +0000"
    },
    "done": true
  },
  "minecraft:recipes/building_blocks/black_wool": {
    "criteria": {
      "has_white_wool": "2024-08-27 18:03:03 +0000"
    },
    "done": true
  },
  "backpacked:recipes/backpacked/crimson_backpack_shelf": {
    "criteria": {
      "has_stick": "2024-08-27 17:51:40 +0000"
    },
    "done": true
  },
  "backpacked:recipes/backpacked/oak_backpack_shelf": {
    "criteria": {
      "has_stick": "2024-08-27 17:51:40 +0000"
    },
    "done": true
  },
  "shieldexp:recipes/diamond_shield": {
    "criteria": {
      "has_diamond": "2024-08-27 17:59:03 +0000"
    },
    "done": true
  },
  "another_furniture:recipes/furniture_hammer": {
    "criteria": {
      "has_stick": "2024-08-27 17:51:40 +0000"
    },
    "done": true
  },
  "minecraft:recipes/decorations/deepslate_tile_wall_from_cobbled_deepslate_stonecutting": {
    "criteria": {
      "has_cobbled_deepslate": "2024-08-27 17:59:19 +0000"
    },
    "done": true
  },
  "minecraft:recipes/misc/iron_ingot_from_blasting_raw_iron": {
    "criteria": {
      "has_raw_iron": "2024-08-27 17:54:58 +0000"
    },
    "done": true
  },
  "minecraft:recipes/building_blocks/green_wool": {
    "criteria": {
      "has_white_wool": "2024-08-27 18:03:03 +0000"
    },
    "done": true
  },
  "farmersdelight:recipes/farmersdelight/cooking/fried_rice": {
    "criteria": {
      "has_any_ingredient": "2024-08-27 18:03:46 +0000"
    },
    "done": true
  },
  "environmental:recipes/decorations/wisteria_chest": {
    "criteria": {
      "has_lots_of_items": "2024-08-27 17:53:01 +0000"
    },
    "done": true
  },
  "vinery:grapevine_stem": {
    "criteria": {
      "has_oak_log": "2024-08-27 17:50:20 +0000"
    },
    "done": true
  },
  "minecraft:recipes/tools/diamond_axe": {
    "criteria": {
      "has_diamond": "2024-08-27 17:59:03 +0000"
    },
    "done": true
  },
  "woodworks:recipes/building_blocks/oak_slab_from_oak_logs_sawing": {
    "criteria": {
      "has_oak_logs": "2024-08-27 17:50:20 +0000"
    },
    "done": true
  },
  "minecraft:recipes/building_blocks/brown_wool": {
    "criteria": {
      "has_white_wool": "2024-08-27 18:03:03 +0000"
    },
    "done": true
  },
  "farmersdelight:recipes/farmersdelight/cooking/pasta_with_meatballs": {
    "criteria": {
      "has_any_ingredient": "2024-08-27 18:00:55 +0000"
    },
    "done": true
  },
  "magnumtorch:recipes/decorations/diamond_magnum_torch": {
    "criteria": {
      "has_diamond": "2024-08-27 17:59:03 +0000"
    },
    "done": true
  },
  "bambooeverything:recipes/dry_bamboo_ladder": {
    "criteria": {
      "has_dry_bamboo": "2024-08-27 17:49:36 +0000"
    },
    "done": true
  },
  "vinery:stackable_log": {
    "criteria": {
      "has_oak_log": "2024-08-27 17:50:20 +0000"
    },
    "done": true
  },
  "vinery:vinemaker_boots": {
    "criteria": {
      "has_brown_wool": "2024-08-27 18:03:09 +0000"
    },
    "done": true
  },
  "farmersdelight:recipes/farmersdelight/cooking/pasta_with_mutton_chop": {
    "criteria": {
      "has_any_ingredient": "2024-08-27 18:03:03 +0000"
    },
    "done": true
  },
  "bambooeverything:recipes/dry_bamboo_slab": {
    "criteria": {
      "has_dry_bundle": "2024-08-27 17:49:36 +0000"
    },
    "done": true
  },
  "minecraft:recipes/building_blocks/iron_block": {
    "criteria": {
      "has_iron_ingot": "2024-08-27 17:57:56 +0000"
    },
    "done": true
  },
  "woodworks:recipes/decorations/birch_ladder": {
    "criteria": {
      "has_stick": "2024-08-27 17:51:40 +0000"
    },
    "done": true
  },
  "minecraft:recipes/decorations/painting": {
    "criteria": {
      "has_wool": "2024-08-27 18:03:03 +0000"
    },
    "done": true
  },
  "woodworks:recipes/decorations/sawmill": {
    "criteria": {
      "has_planks": "2024-08-27 17:50:27 +0000"
    },
    "done": true
  },
  "bambooeverything:recipes/bamboo_bundle_uncrafting": {
    "criteria": {
      "has_bundle": "2024-08-27 17:49:36 +0000"
    },
    "done": true
  },
  "another_furniture:recipes/birch_drawer": {
    "criteria": {
      "has_planks": "2024-08-27 17:51:40 +0000"
    },
    "done": true
  },
  "delightful:recipes/storage/acorn_storage_block": {
    "criteria": {
      "has_acorn": "2024-08-27 17:53:03 +0000"
    },
    "done": true
  },
  "woodworks:recipes/decorations/warped_ladder": {
    "criteria": {
      "has_stick": "2024-08-27 17:51:40 +0000"
    },
    "done": true
  },
  "minecraft:recipes/misc/yellow_dye_from_dandelion": {
    "criteria": {
      "has_dandelion": "2024-08-27 17:50:51 +0000"
    },
    "done": true
  },
  "aether:recipes/decorations/skyroot_smithing_table": {
    "criteria": {
      "has_iron_ingot": "2024-08-27 17:57:56 +0000"
    },
    "done": true
  },
  "minecraft:recipes/building_blocks/light_blue_wool": {
    "criteria": {
      "has_white_wool": "2024-08-27 18:03:03 +0000"
    },
    "done": true
  },
  "another_furniture:recipes/oak_drawer": {
    "criteria": {
      "has_planks": "2024-08-27 17:51:40 +0000"
    },
    "done": true
  },
  "minecraft:recipes/combat/wooden_sword": {
    "criteria": {
      "has_stick": "2024-08-27 17:51:40 +0000"
    },
    "done": true
  },
  "minecraft:recipes/tools/stone_shovel": {
    "criteria": {
      "has_cobblestone": "2024-08-27 17:51:51 +0000"
    },
    "done": true
  },
  "minecraft:recipes/building_blocks/oak_planks": {
    "criteria": {
      "has_logs": "2024-08-27 17:50:20 +0000"
    },
    "done": true
  },
  "another_furniture:recipes/jungle_drawer": {
    "criteria": {
      "has_planks": "2024-08-27 17:51:40 +0000"
    },
    "done": true
  },
  "goodending:recipes/cypress_boat": {
    "criteria": {
      "in_water": "2024-08-27 17:57:15 +0000"
    },
    "done": true
  },
  "environmental:recipes/transportation/willow_boat": {
    "criteria": {
      "in_water": "2024-08-27 17:57:15 +0000"
    },
    "done": true
  },
  "farmersdelight:recipes/farmersdelight/cooking/bone_broth": {
    "criteria": {
      "has_bone": "2024-08-27 18:03:44 +0000"
    },
    "done": true
  },
  "cataclysm:root": {
    "criteria": {
      "custom_test_name": "2024-08-27 17:49:35 +0000"
    },
    "done": true
  },
  "bambooeverything:recipes/dry_bamboo_bundle": {
    "criteria": {
      "has_dry_bamboo": "2024-08-27 17:49:36 +0000"
    },
    "done": true
  },
  "woodworks:recipes/decorations/oak_sign_from_oak_logs_sawing": {
    "criteria": {
      "has_oak_logs": "2024-08-27 17:50:20 +0000"
    },
    "done": true
  },
  "blue_skies:recipes/blue_skies_blocks/food_prep_table": {
    "criteria": {
      "has_item": "2024-08-27 17:57:37 +0000"
    },
    "done": true
  },
  "minecraft:recipes/tools/iron_axe": {
    "criteria": {
      "has_iron_ingot": "2024-08-27 17:57:56 +0000"
    },
    "done": true
  },
  "woodworks:recipes/building_blocks/oak_slab_from_oak_planks_sawing": {
    "criteria": {
      "has_oak_planks": "2024-08-27 17:50:27 +0000"
    },
    "done": true
  },
  "minecraft:recipes/redstone/oak_pressure_plate": {
    "criteria": {
      "has_planks": "2024-08-27 17:50:27 +0000"
    },
    "done": true
  },
  "minecraft:recipes/combat/iron_boots": {
    "criteria": {
      "has_iron_ingot": "2024-08-27 17:57:56 +0000"
    },
    "done": true
  },
  "minecraft:recipes/misc/bone_meal": {
    "criteria": {
      "has_bone": "2024-08-27 18:03:44 +0000"
    },
    "done": true
  },
  "aether:recipes/tools/stone_pickaxe_repairing": {
    "criteria": {
      "has_stone_pickaxe": "2024-08-27 17:51:59 +0000"
    },
    "done": true
  },
  "minecraft:recipes/building_blocks/polished_deepslate_stairs_from_cobbled_deepslate_stonecutting": {
    "criteria": {
      "has_cobbled_deepslate": "2024-08-27 17:59:19 +0000"
    },
    "done": true
  },
  "another_furniture:recipes/white_tall_stool": {
    "criteria": {
      "has_wool": "2024-08-27 18:03:03 +0000"
    },
    "done": true
  },
  "minecraft:story/iron_tools": {
    "criteria": {
      "iron_pickaxe": "2024-08-27 17:58:25 +0000"
    },
    "done": true
  },
  "comforts:sleeping_bag_white": {
    "criteria": {
      "has_white_wool": "2024-08-27 18:03:03 +0000"
    },
    "done": true
  },
  "comforts:sleeping_bag_brown": {
    "criteria": {
      "has_brown_wool": "2024-08-27 18:03:09 +0000"
    },
    "done": true
  },
  "delightful:recipes/food/cooking/nut_butter_bottle": {
    "criteria": {
      "has_nuts": "2024-08-27 17:53:03 +0000"
    },
    "done": true
  },
  "farmersdelight:recipes/farmersdelight/iron_knife": {
    "criteria": {
      "has_iron_ingot": "2024-08-27 17:57:56 +0000"
    },
    "done": true
  },
  "another_furniture:recipes/brown_curtain": {
    "criteria": {
      "has_wool": "2024-08-27 18:03:09 +0000"
    },
    "done": true
  },
  "minecraft:recipes/building_blocks/oak_wood": {
    "criteria": {
      "has_log": "2024-08-27 17:50:20 +0000"
    },
    "done": true
  },
  "windswept:recipes/misc/wooden_bucket": {
    "criteria": {
      "has_log": "2024-08-27 17:50:20 +0000"
    },
    "done": true
  },
  "minecraft:story/root": {
    "criteria": {
      "crafting_table": "2024-08-27 17:51:39 +0000"
    },
    "done": true
  },
  "minecraft:recipes/combat/iron_chestplate": {
    "criteria": {
      "has_iron_ingot": "2024-08-27 17:57:56 +0000"
    },
    "done": true
  },
  "minecraft:recipes/combat/crossbow": {
    "criteria": {
      "has_stick": "2024-08-27 17:51:40 +0000"
    },
    "done": true
  },
  "minecraft:recipes/decorations/cobbled_deepslate_wall": {
    "criteria": {
      "has_cobbled_deepslate": "2024-08-27 17:59:19 +0000"
    },
    "done": true
  },
  "aether:recipes/tools/iron_pickaxe_repairing": {
    "criteria": {
      "has_iron_pickaxe": "2024-08-27 17:58:25 +0000"
    },
    "done": true
  },
  "minecraft:recipes/building_blocks/yellow_wool": {
    "criteria": {
      "has_white_wool": "2024-08-27 18:03:03 +0000"
    },
    "done": true
  },
  "another_furniture:recipes/brown_lamp": {
    "criteria": {
      "has_wool": "2024-08-27 18:03:09 +0000"
    },
    "done": true
  },
  "minecraft:recipes/decorations/oak_sign": {
    "criteria": {
      "has_planks": "2024-08-27 17:50:27 +0000"
    },
    "done": true
  },
  "ecologics:recipes/ecologics/azalea_boat": {
    "criteria": {
      "in_water": "2024-08-27 17:57:15 +0000"
    },
    "done": true
  },
  "minecraft:recipes/redstone/oak_trapdoor": {
    "criteria": {
      "has_planks": "2024-08-27 17:50:27 +0000"
    },
    "done": true
  },
  "woodworks:recipes/redstone/oak_pressure_plate_from_oak_logs_sawing": {
    "criteria": {
      "has_oak_logs": "2024-08-27 17:50:20 +0000"
    },
    "done": true
  },
  "environmental:recipes/decorations/willow_chest": {
    "criteria": {
      "has_lots_of_items": "2024-08-27 17:53:01 +0000"
    },
    "done": true
  },
  "backpacked:recipes/backpacked/spruce_backpack_shelf": {
    "criteria": {
      "has_stick": "2024-08-27 17:51:40 +0000"
    },
    "done": true
  },
  "minecraft:recipes/food/cooked_rabbit": {
    "criteria": {
      "has_rabbit": "2024-08-27 18:01:20 +0000"
    },
    "done": true
  },
  "twigs:recipes/bone_meal_from_seashells": {
    "criteria": {
      "has_item": "2024-08-27 17:51:27 +0000"
    },
    "done": true
  },
  "windswept:recipes/redstone/holly_trapped_chest": {
    "criteria": {
      "has_lots_of_items": "2024-08-27 17:53:01 +0000"
    },
    "done": true
  },
  "minecraft:recipes/misc/iron_nugget_from_blasting": {
    "criteria": {
      "has_iron_pickaxe": "2024-08-27 17:58:25 +0000"
    },
    "done": true
  },
  "betterdungeons:root": {
    "criteria": {
      "always": "2024-08-27 17:49:35 +0000"
    },
    "done": true
  },
  "minecraft:recipes/decorations/polished_deepslate_wall_from_cobbled_deepslate_stonecutting": {
    "criteria": {
      "has_cobbled_deepslate": "2024-08-27 17:59:19 +0000"
    },
    "done": true
  },
  "decorative_blocks:recipes/decorative_blocks.general/oak_seat": {
    "criteria": {
      "has_plank": "2024-08-27 17:50:27 +0000"
    },
    "done": true
  },
  "minecraft:recipes/combat/leather_chestplate": {
    "criteria": {
      "has_leather": "2024-08-27 18:00:55 +0000"
    },
    "done": true
  },
  "aether_redux:recipes/transportation/fieldsprout_boat": {
    "criteria": {
      "in_water": "2024-08-27 17:57:15 +0000"
    },
    "done": true
  },
  "minecraft:adventure/kill_a_mob": {
    "criteria": {
      "minecraft:zombie": "2024-08-27 17:54:28 +0000"
    },
    "done": true
  },
  "minecraft:recipes/redstone/oak_button": {
    "criteria": {
      "has_planks": "2024-08-27 17:50:27 +0000"
    },
    "done": true
  },
  "backpacked:recipes/backpacked/acacia_backpack_shelf": {
    "criteria": {
      "has_stick": "2024-08-27 17:51:40 +0000"
    },
    "done": true
  },
  "environmental:recipes/decorations/wisteria_ladder": {
    "criteria": {
      "has_stick": "2024-08-27 17:51:40 +0000"
    },
    "done": true
  },
  "byg:root": {
    "criteria": {
      "tick": "2024-08-27 17:49:35 +0000"
    },
    "done": true
  },
  "farmersdelight:recipes/farmersdelight/flint_knife": {
    "criteria": {
      "has_stick": "2024-08-27 17:51:40 +0000"
    },
    "done": true
  },
  "bambooeverything:recipes/dry_bamboo_door": {
    "criteria": {
      "has_dry_bundle": "2024-08-27 17:49:36 +0000"
    },
    "done": true
  },
  "minecraft:recipes/building_blocks/stone": {
    "criteria": {
      "has_cobblestone": "2024-08-27 17:51:51 +0000"
    },
    "done": true
  },
  "another_furniture:recipes/warped_drawer": {
    "criteria": {
      "has_planks": "2024-08-27 17:51:40 +0000"
    },
    "done": true
  },
  "minecraft:recipes/building_blocks/deepslate_bricks_from_cobbled_deepslate_stonecutting": {
    "criteria": {
      "has_cobbled_deepslate": "2024-08-27 17:59:19 +0000"
    },
    "done": true
  },
  "galosphere:recipes/galosphere/chandelier": {
    "criteria": {
      "has_iron_nugget": "2024-08-27 17:57:56 +0000"
    },
    "done": true
  },
  "bambooeverything:recipes/bamboo_stairs": {
    "criteria": {
      "has_bundle": "2024-08-27 17:49:36 +0000"
    },
    "done": true
  },
  "minecraft:recipes/food/cooked_beef": {
    "criteria": {
      "has_beef": "2024-08-27 18:00:55 +0000"
    },
    "done": true
  },
  "byg:husbandry/root": {
    "criteria": {
      "consumed_item": "2024-08-27 17:54:17 +0000"
    },
    "done": true
  },
  "minecraft:recipes/redstone/iron_door": {
    "criteria": {
      "has_iron_ingot": "2024-08-27 17:57:56 +0000"
    },
    "done": true
  },
  "minecraft:recipes/building_blocks/deepslate_brick_stairs_from_cobbled_deepslate_stonecutting": {
    "criteria": {
      "has_cobbled_deepslate": "2024-08-27 17:59:19 +0000"
    },
    "done": true
  },
  "minecraft:adventure/adventuring_time": {
    "criteria": {
      "minecraft:stony_shore": "2024-08-27 17:51:04 +0000",
      "minecraft:meadow": "2024-08-27 17:55:15 +0000",
      "minecraft:plains": "2024-08-27 17:49:37 +0000"
    },
    "done": false
  },
  "woodworks:recipes/building_blocks/oak_planks_from_oak_logs_sawing": {
    "criteria": {
      "has_oak_logs": "2024-08-27 17:50:20 +0000"
    },
    "done": true
  },
  "handcrafted:recipes/misc/white_sheet": {
    "criteria": {
      "has_sheet": "2024-08-27 18:03:03 +0000"
    },
    "done": true
  },
  "woodworks:recipes/redstone/oak_fence_gate_from_oak_logs_sawing": {
    "criteria": {
      "has_oak_logs": "2024-08-27 17:50:20 +0000"
    },
    "done": true
  },
  "another_furniture:recipes/white_sofa": {
    "criteria": {
      "has_wool": "2024-08-27 18:03:03 +0000"
    },
    "done": true
  },
  "minecraft:recipes/combat/stone_sword": {
    "criteria": {
      "has_cobblestone": "2024-08-27 17:51:51 +0000"
    },
    "done": true
  },
  "aether:recipes/tools/stone_axe_repairing": {
    "criteria": {
      "has_stone_axe": "2024-08-27 17:52:57 +0000"
    },
    "done": true
  },
  "minecraft:recipes/decorations/cobblestone_wall": {
    "criteria": {
      "has_cobblestone": "2024-08-27 17:51:51 +0000"
    },
    "done": true
  },
  "minecraft:recipes/decorations/barrel": {
    "criteria": {
      "has_planks": "2024-08-27 17:50:27 +0000"
    },
    "done": true
  },
  "minecraft:recipes/misc/iron_ingot_from_smelting_raw_iron": {
    "criteria": {
      "has_raw_iron": "2024-08-27 17:54:58 +0000"
    },
    "done": true
  },
  "minecraft:recipes/tools/stone_pickaxe": {
    "criteria": {
      "has_cobblestone": "2024-08-27 17:51:51 +0000"
    },
    "done": true
  },
  "minecraft:recipes/decorations/smithing_table": {
    "criteria": {
      "has_iron_ingot": "2024-08-27 17:57:56 +0000"
    },
    "done": true
  },
  "backpacked:recipes/backpacked/jungle_backpack_shelf": {
    "criteria": {
      "has_stick": "2024-08-27 17:51:40 +0000"
    },
    "done": true
  },
  "another_furniture:recipes/brown_stool": {
    "criteria": {
      "has_wool": "2024-08-27 18:03:09 +0000"
    },
    "done": true
  },
  "vinery:oak_wine_rack_big": {
    "criteria": {
      "has_oak_planks": "2024-08-27 17:50:27 +0000"
    },
    "done": true
  },
  "minecraft:recipes/redstone/oak_door": {
    "criteria": {
      "has_planks": "2024-08-27 17:50:27 +0000"
    },
    "done": true
  },
  "twigs:recipes/tables/oak_table": {
    "criteria": {
      "has_bamboo": "2024-08-27 17:50:27 +0000"
    },
    "done": true
  },
  "minecraft:recipes/building_blocks/deepslate_brick_slab_from_cobbled_deepslate_stonecutting": {
    "criteria": {
      "has_cobbled_deepslate": "2024-08-27 17:59:19 +0000"
    },
    "done": true
  },
  "aether:recipes/decorations/skyroot_chest": {
    "criteria": {
      "has_lots_of_items": "2024-08-27 17:53:01 +0000"
    },
    "done": true
  },
  "another_furniture:recipes/acacia_drawer": {
    "criteria": {
      "has_planks": "2024-08-27 17:51:40 +0000"
    },
    "done": true
  },
  "farmersdelight:recipes/farmersdelight/diamond_knife": {
    "criteria": {
      "has_diamond": "2024-08-27 17:59:03 +0000"
    },
    "done": true
  },
  "woodworks:recipes/decorations/dark_oak_chest": {
    "criteria": {
      "has_lots_of_items": "2024-08-27 17:53:01 +0000"
    },
    "done": true
  },
  "minecraft:recipes/combat/leather_boots": {
    "criteria": {
      "has_leather": "2024-08-27 18:00:55 +0000"
    },
    "done": true
  },
  "minecraft:recipes/transportation/jungle_boat": {
    "criteria": {
      "in_water": "2024-08-27 17:57:15 +0000"
    },
    "done": true
  },
  "bambooeverything:recipes/bamboo_slab": {
    "criteria": {
      "has_bundle": "2024-08-27 17:49:36 +0000"
    },
    "done": true
  },
  "aether:recipes/combat/white_cape": {
    "criteria": {
      "has_white_wool": "2024-08-27 18:03:03 +0000"
    },
    "done": true
  },
  "minecraft:recipes/decorations/cobblestone_wall_from_cobblestone_stonecutting": {
    "criteria": {
      "has_cobblestone": "2024-08-27 17:51:51 +0000"
    },
    "done": true
  },
  "windswept:recipes/transportation/holly_boat": {
    "criteria": {
      "in_water": "2024-08-27 17:57:15 +0000"
    },
    "done": true
  },
  "aether:recipes/combat/skyroot_iron_vanilla_shield": {
    "criteria": {
      "has_iron_ingot": "2024-08-27 17:57:56 +0000"
    },
    "done": true
  },
  "minecraft:recipes/decorations/brown_carpet": {
    "criteria": {
      "has_brown_wool": "2024-08-27 18:03:09 +0000"
    },
    "done": true
  },
  "minecraft:recipes/building_blocks/diamond_block": {
    "criteria": {
      "has_diamond": "2024-08-27 17:59:03 +0000"
    },
    "done": true
  },
  "minecraft:recipes/redstone/heavy_weighted_pressure_plate": {
    "criteria": {
      "has_iron_ingot": "2024-08-27 17:57:56 +0000"
    },
    "done": true
  },
  "minecraft:recipes/transportation/dark_oak_boat": {
    "criteria": {
      "in_water": "2024-08-27 17:57:15 +0000"
    },
    "done": true
  },
  "minecraft:recipes/transportation/carrot_on_a_stick": {
    "criteria": {
      "has_carrot": "2024-08-27 18:03:46 +0000"
    },
    "done": true
  },
  "minecraft:recipes/building_blocks/pink_wool": {
    "criteria": {
      "has_white_wool": "2024-08-27 18:03:03 +0000"
    },
    "done": true
  },
  "another_furniture:recipes/oak_table": {
    "criteria": {
      "has_planks": "2024-08-27 17:50:27 +0000"
    },
    "done": true
  },
  "backpacked:recipes/backpacked/birch_backpack_shelf": {
    "criteria": {
      "has_stick": "2024-08-27 17:51:40 +0000"
    },
    "done": true
  },
  "dungeons_arise:wda_root": {
    "criteria": {
      "WDA": "2024-08-27 17:49:35 +0000"
    },
    "done": true
  },
  "environmental:recipes/transportation/wisteria_boat": {
    "criteria": {
      "in_water": "2024-08-27 17:57:15 +0000"
    },
    "done": true
  },
  "another_furniture:recipes/oak_shelf": {
    "criteria": {
      "has_planks": "2024-08-27 17:50:27 +0000"
    },
    "done": true
  },
  "vinery:campfire": {
    "criteria": {
      "has_stick": "2024-08-27 17:51:40 +0000",
      "has_the_recipe": "2024-08-27 17:51:40 +0000"
    },
    "done": true
  },
  "woodworks:recipes/building_blocks/oak_stairs_from_oak_logs_sawing": {
    "criteria": {
      "has_oak_logs": "2024-08-27 17:50:20 +0000"
    },
    "done": true
  },
  "minecraft:recipes/decorations/lantern": {
    "criteria": {
      "has_iron_ingot": "2024-08-27 17:57:56 +0000"
    },
    "done": true
  },
  "environmental:recipes/decorations/cherry_chest": {
    "criteria": {
      "has_lots_of_items": "2024-08-27 17:53:01 +0000"
    },
    "done": true
  },
  "woodworks:recipes/decorations/mangrove_chest": {
    "criteria": {
      "has_lots_of_items": "2024-08-27 17:53:01 +0000"
    },
    "done": true
  },
  "decorative_blocks:recipes/decorative_blocks.general/bar_panel": {
    "criteria": {
      "has_ingot": "2024-08-27 17:57:56 +0000"
    },
    "done": true
  },
  "goodending:recipes/muddy_oak_boat": {
    "criteria": {
      "in_water": "2024-08-27 17:57:15 +0000"
    },
    "done": true
  },
  "handcrafted:recipes/misc/frozen_bench": {
    "criteria": {
      "has_iron_ingot": "2024-08-27 17:57:56 +0000"
    },
    "done": true
  },
  "handcrafted:recipes/misc/white_cushion": {
    "criteria": {
      "has_cushion": "2024-08-27 18:03:03 +0000"
    },
    "done": true
  },
  "windswept:recipes/transportation/chestnut_boat": {
    "criteria": {
      "in_water": "2024-08-27 17:57:15 +0000"
    },
    "done": true
  },
  "minecraft:recipes/food/cooked_beef_from_campfire_cooking": {
    "criteria": {
      "has_beef": "2024-08-27 18:00:55 +0000"
    },
    "done": true
  },
  "woodworks:recipes/redstone/oak_button_from_oak_logs_sawing": {
    "criteria": {
      "has_oak_logs": "2024-08-27 17:50:20 +0000"
    },
    "done": true
  },
  "minecraft:recipes/combat/diamond_boots": {
    "criteria": {
      "has_diamond": "2024-08-27 17:59:03 +0000"
    },
    "done": true
  },
  "comforts:hammock_brown": {
    "criteria": {
      "has_brown_wool": "2024-08-27 18:03:09 +0000"
    },
    "done": true
  },
  "minecraft:recipes/building_blocks/cobbled_deepslate_slab_from_cobbled_deepslate_stonecutting": {
    "criteria": {
      "has_cobbled_deepslate": "2024-08-27 17:59:19 +0000"
    },
    "done": true
  },
  "minecraft:recipes/building_blocks/light_gray_wool": {
    "criteria": {
      "has_white_wool": "2024-08-27 18:03:03 +0000"
    },
    "done": true
  },
  "nethersdelight:recipes/nethersdelight/iron_machete": {
    "criteria": {
      "has_iron_ingot": "2024-08-27 17:57:56 +0000"
    },
    "done": true
  },
  "minecraft:recipes/building_blocks/red_wool": {
    "criteria": {
      "has_white_wool": "2024-08-27 18:03:03 +0000"
    },
    "done": true
  },
  "minecraft:recipes/decorations/soul_campfire": {
    "criteria": {
      "has_stick": "2024-08-27 17:51:40 +0000"
    },
    "done": true
  },
  "minecraft:story/smelt_iron": {
    "criteria": {
      "iron": "2024-08-27 17:57:56 +0000"
    },
    "done": true
  },
  "minecraft:recipes/tools/stone_axe": {
    "criteria": {
      "has_cobblestone": "2024-08-27 17:51:51 +0000"
    },
    "done": true
  },
  "minecraft:recipes/building_blocks/raw_iron_block": {
    "criteria": {
      "has_raw_iron": "2024-08-27 17:54:58 +0000"
    },
    "done": true
  },
  "minecraft:recipes/food/cooked_mutton": {
    "criteria": {
      "has_mutton": "2024-08-27 18:03:03 +0000"
    },
    "done": true
  },
  "repurposed_structures:root": {
    "criteria": {
      "always": "2024-08-27 17:49:35 +0000"
    },
    "done": true
  },
  "twigs:recipes/paper_lanterns/dandelion_paper_lantern": {
    "criteria": {
      "has_item": "2024-08-27 17:50:51 +0000"
    },
    "done": true
  },
  "vinery:cherry_fence_gate": {
    "criteria": {
      "has_stick": "2024-08-27 17:51:40 +0000"
    },
    "done": true
  },
  "DataVersion": 3120
}